range,angle_of_elevation,time_of_flight,rate_of_fire
1.0,0.3716667,1.11,11.934
2.0,0.7783333,2.31,11.863
3.0,1.233333,3.6,11.788
4.0,1.735,5.0,11.707
5.0,2.295,6.51,11.622
6.0,2.921667,8.14,11.531
7.0,3.621667,9.9,11.434
8.0,4.406667,11.82,11.33
9.0,5.281667,13.9,11.22
10.0,6.258333,16.14,11.104
11.0,7.343333,18.52,10.983
12.0,8.541667,21.05,10.857
13.0,9.851667,23.7,10.729
14.0,11.26667,26.47,10.036
15.0,12.775,29.35,9.335
16.0,14.365,32.31,8.697
